{"cameraMode":{"drawMode":0,"name":"Shaded","section":"Shading Mode"},"sceneLighting":true,"audioPlay":false,"sceneViewState":{"showFog":false,"showMaterialUpdate":false,"showSkybox":false,"showFlares":false,"showImageEffects":false,"showParticleSystems":false},"in2DMode":false,"pivot":{"x":-20.765094757080079,"y":0.2509157955646515,"z":11.428587913513184},"rotation":{"x":-0.15867649018764497,"y":-0.8037310242652893,"z":0.24625591933727265,"w":-0.5178841352462769},"size":40.1448974609375,"orthographic":false}