{"cameraMode":{"drawMode":0,"name":"Shaded","section":"Shading Mode"},"sceneLighting":true,"audioPlay":false,"sceneViewState":{"showFog":false,"showMaterialUpdate":false,"showSkybox":false,"showFlares":false,"showImageEffects":false,"showParticleSystems":false},"in2DMode":false,"pivot":{"x":-15.399284362792969,"y":1.0,"z":-0.24347257614135743},"rotation":{"x":0.19742193818092347,"y":0.10125553607940674,"z":-0.020505663007497789,"w":0.9748616814613342},"size":15.5001859664917,"orthographic":false}